product_id,product_name,category,unit_price
1,Product A0,Software,8391
2,Product B1,Services,8942
3,Product C2,Hardware,1854
4,Product D3,Hardware,2013
5,Product E4,Accessories,3577
6,Product F5,Accessories,6643
7,Product G6,Services,8279
8,Product H7,Accessories,7567
9,Product I8,Software,3870
10,Product J9,Services,8348
11,Product K10,Hardware,2902
12,Product L11,Software,1811
13,Product M12,Hardware,4365
14,Product N13,Software,1552
15,Product O14,Software,6364
16,Product P15,Software,8900
17,Product Q16,Software,1679
18,Product R17,Hardware,1757
19,Product S18,Software,2264
20,Product T19,Accessories,2249
21,Product U20,Software,5186
22,Product V21,Services,5514
23,Product W22,Hardware,8594
24,Product X23,Software,4459
25,Product Y24,Accessories,8399
26,Product Z25,Services,6953
27,Product A26,Hardware,7809
28,Product B27,Services,2362
29,Product C28,Accessories,4525
30,Product D29,Software,8298
31,Product E30,Hardware,6961
32,Product F31,Accessories,2580
33,Product G32,Software,7735
34,Product H33,Accessories,7106
35,Product I34,Software,2000
36,Product J35,Software,1354
37,Product K36,Accessories,2922
38,Product L37,Hardware,4681
39,Product M38,Hardware,2059
40,Product N39,Accessories,1066
