order_id,price,qty
1,€10.98,1
2,$78.95,2
3,€54.00,2
4,$77.03,3
5,€72.32,4
6,$13.01,1
7,€13.19,1
8,$65.76,1
9,€76.89,3
10,$20.33,2
11,€80.39,2
12,$7.24,3
13,€70.33,3
14,$58.34,2
15,€37.73,1
16,$37.49,3
17,€31.14,2
18,$45.43,3
19,€47.53,2
20,$19.03,4
21,€6.15,3
22,$49.79,4
23,€21.19,1
24,$13.36,3
25,€26.44,3
26,$17.28,4
27,€78.55,1
28,$29.70,1
29,€60.06,4
30,$5.83,4
31,€61.20,1
32,$86.12,3
33,€69.18,1
34,$69.92,2
35,€40.51,2
36,$45.57,3
37,€81.63,3
38,$25.12,1
39,€47.97,2
40,$66.98,4
41,€33.69,3
42,$45.12,1
43,€8.01,1
44,$62.99,3
45,€19.21,2
46,$27.00,1
47,€24.12,3
48,$66.04,1
49,€38.94,4
50,$89.48,3
51,€72.94,4
52,$83.51,2
53,€63.41,3
54,$24.55,2
55,€32.52,2
56,$35.91,4
57,€22.21,1
58,$44.67,2
59,€72.24,3
60,$49.36,3
61,€19.13,3
62,$67.29,2
63,€87.04,2
64,$45.34,3
65,€17.04,3
66,$67.09,4
67,€50.82,2
68,$73.69,2
69,€56.48,4
70,$79.11,1
71,€6.22,2
72,$60.29,4
73,€56.14,2
74,$71.20,3
75,€23.59,4
76,$54.76,3
77,€27.71,3
78,$69.15,2
79,€11.77,4
80,$18.40,4
81,€85.35,1
82,$67.70,4
83,€26.43,4
84,$31.54,4
85,€41.89,1
86,$24.84,2
87,€16.92,3
88,$87.44,3
89,€23.00,3
90,$68.58,2
91,€66.05,1
92,$67.53,3
93,€30.76,2
94,$23.90,4
95,€57.41,2
96,$89.61,1
97,€38.04,3
98,$23.57,4
99,€48.19,2
100,$21.14,3
101,€34.49,1
102,$67.50,1
103,€25.61,4
104,$43.10,1
105,€59.70,2
106,$18.53,2
107,€17.28,3
108,$87.01,4
109,€78.76,4
110,$80.21,3
111,€53.65,4
112,$47.87,4
113,€14.24,1
114,$25.41,3
115,€14.56,4
116,$50.24,1
117,€42.03,3
118,$19.67,4
119,€13.40,3
120,$53.82,2
121,€17.00,1
122,$6.09,3
123,€24.17,1
124,$73.25,4
125,€60.90,3
126,$48.96,4
127,€24.16,4
128,$44.74,4
129,€5.84,2
130,$32.65,3
131,€45.75,4
132,$12.79,3
133,€54.30,3
134,$42.61,2
135,€9.60,1
136,$17.51,1
137,€46.51,4
138,$81.25,1
139,€9.84,1
140,$52.79,1
141,€29.18,1
142,$38.01,3
143,€83.40,3
144,$58.53,2
145,€29.16,4
146,$43.40,3
147,€88.41,1
148,$78.72,1
149,€41.19,2
150,$50.03,2
151,€43.96,1
152,$17.80,4
153,€87.26,1
154,$24.48,1
155,€23.63,2
156,$14.38,4
157,€85.05,3
158,$82.76,3
159,€59.15,3
160,$49.93,2
161,€54.39,1
162,$36.48,2
163,€80.64,2
164,$52.37,1
165,€77.75,2
166,$64.04,3
167,€62.71,4
168,$62.04,4
169,€70.95,2
170,$74.14,1
171,€63.07,3
172,$32.26,1
173,€27.37,2
174,$21.65,2
175,€77.76,4
176,$46.29,2
177,€5.03,3
178,$55.92,1
179,€78.41,4
180,$83.09,4
181,€84.78,3
182,$78.84,3
183,€20.02,2
184,$48.83,3
185,€65.21,2
186,$59.68,3
187,€35.48,4
188,$8.16,2
189,€80.92,2
190,$71.14,4
191,€78.61,4
192,$37.77,3
193,€26.08,2
194,$76.76,1
195,€60.64,4
196,$61.71,2
197,€7.92,1
198,$14.11,1
199,€70.40,4
200,$80.10,1
