customer_id,customer_name,region
1,Customer 1,West
2,Customer 2,East
3,Customer 3,West
4,Customer 4,South
5,Customer 5,South
6,Customer 6,East
7,Customer 7,South
8,Customer 8,West
9,Customer 9,West
10,Customer 10,North
11,Customer 11,South
12,Customer 12,South
13,Customer 13,South
14,Customer 14,North
15,Customer 15,North
16,Customer 16,North
17,Customer 17,East
18,Customer 18,West
19,Customer 19,West
20,Customer 20,East
21,Customer 21,South
22,Customer 22,South
23,Customer 23,West
24,Customer 24,South
25,Customer 25,South
26,Customer 26,North
27,Customer 27,North
28,Customer 28,East
29,Customer 29,West
30,Customer 30,North
31,Customer 31,North
32,Customer 32,South
33,Customer 33,South
34,Customer 34,South
35,Customer 35,West
36,Customer 36,South
37,Customer 37,North
38,Customer 38,South
39,Customer 39,East
40,Customer 40,South
41,Customer 41,South
42,Customer 42,East
43,Customer 43,North
44,Customer 44,East
45,Customer 45,West
46,Customer 46,West
47,Customer 47,South
48,Customer 48,North
49,Customer 49,North
50,Customer 50,East
51,Customer 51,North
52,Customer 52,North
53,Customer 53,South
54,Customer 54,North
55,Customer 55,South
56,Customer 56,South
57,Customer 57,West
58,Customer 58,North
59,Customer 59,East
60,Customer 60,North
61,Customer 61,North
62,Customer 62,West
63,Customer 63,West
64,Customer 64,South
65,Customer 65,North
66,Customer 66,South
67,Customer 67,North
68,Customer 68,South
69,Customer 69,East
70,Customer 70,South
71,Customer 71,West
72,Customer 72,South
73,Customer 73,East
74,Customer 74,West
75,Customer 75,South
76,Customer 76,East
77,Customer 77,East
78,Customer 78,East
79,Customer 79,North
80,Customer 80,South
81,Customer 81,South
82,Customer 82,East
83,Customer 83,North
84,Customer 84,South
85,Customer 85,East
86,Customer 86,West
87,Customer 87,North
88,Customer 88,North
89,Customer 89,North
90,Customer 90,South
91,Customer 91,South
92,Customer 92,East
93,Customer 93,North
94,Customer 94,North
95,Customer 95,South
96,Customer 96,West
97,Customer 97,South
98,Customer 98,North
99,Customer 99,South
100,Customer 100,South
101,Customer 101,East
102,Customer 102,West
103,Customer 103,North
104,Customer 104,North
105,Customer 105,East
106,Customer 106,North
107,Customer 107,North
108,Customer 108,West
109,Customer 109,North
110,Customer 110,North
111,Customer 111,West
112,Customer 112,East
113,Customer 113,South
114,Customer 114,East
115,Customer 115,South
116,Customer 116,West
117,Customer 117,West
118,Customer 118,South
119,Customer 119,North
120,Customer 120,West
121,Customer 121,South
122,Customer 122,West
123,Customer 123,West
124,Customer 124,North
125,Customer 125,West
126,Customer 126,South
127,Customer 127,South
128,Customer 128,North
129,Customer 129,South
130,Customer 130,North
131,Customer 131,East
132,Customer 132,North
133,Customer 133,North
134,Customer 134,South
135,Customer 135,East
136,Customer 136,North
137,Customer 137,East
138,Customer 138,North
139,Customer 139,North
140,Customer 140,East
141,Customer 141,West
142,Customer 142,North
143,Customer 143,North
144,Customer 144,East
145,Customer 145,North
146,Customer 146,East
147,Customer 147,South
148,Customer 148,North
149,Customer 149,North
150,Customer 150,East
151,Customer 151,South
152,Customer 152,West
153,Customer 153,West
154,Customer 154,West
155,Customer 155,West
156,Customer 156,East
157,Customer 157,South
158,Customer 158,North
159,Customer 159,South
160,Customer 160,South
161,Customer 161,South
162,Customer 162,East
163,Customer 163,East
164,Customer 164,South
165,Customer 165,North
166,Customer 166,North
167,Customer 167,North
168,Customer 168,West
169,Customer 169,South
170,Customer 170,East
171,Customer 171,North
172,Customer 172,West
173,Customer 173,West
174,Customer 174,South
175,Customer 175,South
176,Customer 176,North
177,Customer 177,West
178,Customer 178,West
179,Customer 179,West
180,Customer 180,South
181,Customer 181,East
182,Customer 182,West
183,Customer 183,East
184,Customer 184,North
185,Customer 185,East
186,Customer 186,South
187,Customer 187,South
188,Customer 188,South
189,Customer 189,South
190,Customer 190,South
191,Customer 191,South
192,Customer 192,North
193,Customer 193,South
194,Customer 194,North
195,Customer 195,South
196,Customer 196,West
197,Customer 197,South
198,Customer 198,South
199,Customer 199,East
200,Customer 200,North
201,Customer 201,West
202,Customer 202,West
203,Customer 203,West
204,Customer 204,South
205,Customer 205,North
206,Customer 206,South
207,Customer 207,West
208,Customer 208,East
209,Customer 209,East
210,Customer 210,South
211,Customer 211,South
212,Customer 212,South
213,Customer 213,South
214,Customer 214,West
215,Customer 215,West
216,Customer 216,South
217,Customer 217,East
218,Customer 218,West
219,Customer 219,South
220,Customer 220,West
221,Customer 221,East
222,Customer 222,South
223,Customer 223,North
224,Customer 224,West
225,Customer 225,North
226,Customer 226,South
227,Customer 227,West
228,Customer 228,West
229,Customer 229,West
230,Customer 230,West
231,Customer 231,South
232,Customer 232,West
233,Customer 233,East
234,Customer 234,East
235,Customer 235,South
236,Customer 236,South
237,Customer 237,West
238,Customer 238,South
239,Customer 239,North
240,Customer 240,East
241,Customer 241,North
242,Customer 242,South
243,Customer 243,North
244,Customer 244,West
245,Customer 245,South
246,Customer 246,North
247,Customer 247,South
248,Customer 248,West
249,Customer 249,East
250,Customer 250,North
251,Customer 251,North
252,Customer 252,North
253,Customer 253,South
254,Customer 254,South
255,Customer 255,South
256,Customer 256,North
257,Customer 257,South
258,Customer 258,West
259,Customer 259,North
260,Customer 260,South
261,Customer 261,South
262,Customer 262,West
263,Customer 263,South
264,Customer 264,South
265,Customer 265,South
266,Customer 266,South
267,Customer 267,East
268,Customer 268,South
269,Customer 269,South
270,Customer 270,East
271,Customer 271,West
272,Customer 272,South
273,Customer 273,North
274,Customer 274,East
275,Customer 275,North
276,Customer 276,West
277,Customer 277,South
278,Customer 278,West
279,Customer 279,West
280,Customer 280,West
281,Customer 281,West
282,Customer 282,North
283,Customer 283,South
284,Customer 284,North
285,Customer 285,West
286,Customer 286,South
287,Customer 287,South
288,Customer 288,North
289,Customer 289,West
290,Customer 290,East
291,Customer 291,South
292,Customer 292,South
293,Customer 293,West
294,Customer 294,West
295,Customer 295,West
296,Customer 296,East
297,Customer 297,East
298,Customer 298,East
299,Customer 299,West
300,Customer 300,North
1,Customer 1,North
