order_id,order_date,customer_id,product_id,quantity,revenue,currency
10000,2023-05-01,91,25,6,53131.82,USD
10001,2023-12-10,71,36,7,9509.87,INR
10002,2024-03-02,225,29,3,13072.45,INR
10003,2023-12-08,293,30,2,17487.2,USD
10004,2024-05-04,248,32,2,4845.83,INR
10005,2025-02-27,83,14,1,4500000.0,USD
10006,2023-09-29,248,6,1,6979.97,INR
10007,2024-05-13,258,19,3,6251.33,INR
10008,2025-03-09,220,39,2,4175.64,INR
10009,2023-03-04,144,34,6,43437.12,INR
10010,2025-10-26,209,29,5,24757.23,USD
10011,2025-12-25,281,15,3,18323.9,INR
10012,2023-11-14,10,9,1,3839.01,USD
10013,2025-08-31,89,33,8,67275.26,INR
10014,2023-10-04,223,18,2,3254.35,INR
10015,2025-09-30,278,32,7,19494.12,INR
10016,2024-12-23,101,9,8,30127.45,INR
10017,2023-09-28,91,19,8,17545.26,USD
10018,2023-03-09,265,32,5,14177.15,USD
10019,2024-03-07,135,36,5,6621.62,USD
10020,2025-03-26,11,2,7,59430.07,USD
10021,2023-09-06,190,16,7,58653.58,INR
10022,2024-07-17,3,11,6,18093.21,INR
10023,2023-05-17,167,30,8,68187.68,USD
10024,2024-04-10,131,32,2,4890.66,USD
10025,2023-02-06,202,26,1,6946.16,INR
10026,2025-12-16,86,30,5,39718.83,INR
10027,2024-07-05,209,14,5,8283.46,INR
10028,2025-07-11,34,3,7,12608.85,INR
10029,2023-05-15,81,22,2,11283.04,USD
10030,2023-07-03,283,1,1,9085.07,INR
10031,2023-07-13,3,25,7,55721.43,USD
10032,2024-09-14,297,25,8,73269.14,INR
10033,2025-07-31,218,22,2,10995.69,USD
10034,2024-10-26,147,34,2,14610.73,INR
10035,2024-06-14,181,5,6,20483.42,USD
10036,2025-10-28,113,17,6,10465.81,INR
10037,2023-07-21,170,40,3,3341.13,USD
10038,2023-06-30,67,11,5,14777.66,INR
10039,2025-01-03,149,39,6,13249.76,INR
10040,2025-07-24,123,1,1,8343.39,USD
10041,2023-10-19,279,2,6,48447.99,USD
10042,2023-10-13,283,9,5,20949.9,USD
10043,2024-07-30,90,38,8,37956.76,INR
10044,2025-05-02,188,26,2,14225.83,USD
10045,2023-11-06,274,22,7,39358.92,USD
10046,2025-06-21,108,5,6,19492.77,INR
10047,2024-07-19,51,6,4,25442.93,INR
10048,2025-02-11,293,35,1,1835.94,INR
10049,2024-11-19,209,33,6,47800.49,USD
10050,2024-06-10,90,3,8,15884.23,USD
10051,2024-08-10,283,18,2,3626.84,USD
10052,2025-12-25,264,22,2,11719.64,INR
10053,2024-03-09,47,29,1,4373.53,USD
10054,2025-10-31,117,1,2,15209.45,USD
10055,2025-05-15,232,34,6,41865.54,INR
10056,2023-07-19,73,22,2,10297.46,INR
10057,2025-08-14,82,22,8,42393.61,INR
10058,2024-02-24,156,15,8,48252.78,INR
10059,2023-07-16,18,2,6,50225.33,INR
10060,2023-10-04,139,38,1,4856.75,INR
10061,2023-05-30,130,33,5,39430.4,USD
10062,2024-01-07,38,34,2,15129.4,INR
10063,2023-05-04,210,28,6,15544.48,USD
10064,2024-08-18,170,20,6,12785.67,USD
10065,2025-12-08,86,37,6,19068.06,INR
10066,2025-11-21,144,5,6,22610.95,INR
10067,2025-10-28,286,11,5,14692.36,INR
10068,2023-09-24,95,18,7,13461.56,INR
10069,2023-09-10,1,32,3,7759.22,USD
10070,2025-01-12,48,14,8,11244.68,INR
10071,2025-11-28,81,35,7,12949.73,INR
10072,2025-06-23,34,13,1,4201.59,USD
10073,2023-08-16,103,15,3,19841.55,INR
10074,2025-03-17,131,13,5,22114.4,INR
10075,2024-07-08,112,17,8,13924.18,USD
10076,2024-04-29,199,33,8,55923.96,INR
10077,2024-06-28,90,14,7,10316.34,INR
10078,2024-08-20,55,20,1,2273.61,USD
10079,2025-09-28,7,1,7,60550.02,INR
10080,2025-05-17,227,23,1,8477.02,INR
10081,2023-02-14,63,10,7,55142.59,INR
10082,2025-04-15,83,20,6,12980.69,USD
10083,2023-12-12,79,14,8,13063.95,USD
10084,2024-01-05,291,16,7,65011.39,USD
10085,2024-10-18,202,5,8,27169.58,INR
10086,2025-12-13,182,19,6,14808.12,INR
10087,2023-03-14,114,31,5,31630.57,INR
10088,2024-07-16,253,25,2,15905.72,USD
10089,2023-09-17,217,18,4,6941.18,USD
10090,2025-09-27,284,34,1,7538.55,INR
10091,2024-05-24,133,23,6,52236.78,INR
10092,2025-07-25,69,25,4,34775.35,INR
10093,2025-08-22,103,12,8,15795.66,INR
10094,2023-04-20,240,28,8,18393.54,INR
10095,2025-04-13,48,15,6,35751.24,USD
10096,2025-05-15,181,8,8,59439.66,USD
10097,2025-06-26,69,31,1,7049.27,INR
10098,2025-12-17,257,24,4,16531.99,INR
10099,2025-04-13,271,19,1,2055.08,INR
10100,2025-07-01,208,29,2,9459.07,USD
10101,2025-02-13,137,24,4,19579.5,USD
10102,2023-11-20,194,31,7,52931.17,INR
10103,2025-07-19,95,17,7,11461.98,INR
10104,2025-02-05,193,40,6,6337.34,USD
10105,2025-01-16,66,23,8,73274.51,USD
10106,2025-12-01,118,19,8,19868.55,USD
10107,2025-03-16,263,36,4,5260.22,INR
10108,2024-01-07,32,40,2,2324.69,USD
10109,2023-11-27,212,11,5,15086.53,INR
10110,2023-12-26,95,10,8,62072.48,INR
10111,2023-07-03,209,21,5,25672.81,USD
10112,2023-03-30,208,3,8,13357.88,INR
10113,2025-04-08,242,28,1,2318.28,USD
10114,2025-05-07,192,28,4,9491.57,USD
10115,2023-07-01,73,4,1,2132.97,INR
10116,2024-03-07,192,11,6,16822.3,INR
10117,2025-10-03,220,39,5,10602.87,USD
10118,2025-07-05,138,8,3,23441.98,INR
10119,2024-10-15,22,20,5,11299.07,USD
10120,2025-11-29,258,28,6,14493.09,INR
10121,2023-12-27,200,10,7,57967.58,USD
10122,2025-07-13,82,14,8,12690.45,INR
10123,2025-10-22,97,31,2,13812.58,USD
10124,2024-10-10,266,17,1,1817.33,INR
10125,2023-06-19,199,33,7,49953.97,INR
10126,2023-11-18,227,3,5,9944.69,USD
10127,2024-07-17,68,26,3,21881.5,INR
10128,2023-11-02,52,14,6,8401.73,INR
10129,2023-04-11,107,37,5,15249.81,USD
10130,2023-07-06,227,18,6,10252.68,INR
10131,2025-11-23,202,4,6,12095.13,USD
10132,2024-02-23,72,34,8,57048.84,INR
10133,2024-09-22,282,22,2,11546.75,USD
10134,2024-04-25,39,3,7,12942.61,INR
10135,2025-05-30,103,30,8,68186.36,INR
10136,2023-04-21,199,24,4,16834.52,INR
10137,2023-11-05,51,37,8,21369.23,INR
10138,2024-10-02,147,29,6,28063.55,INR
10139,2025-05-27,38,26,8,61058.87,INR
10140,2024-05-20,231,9,5,17715.15,USD
10141,2025-02-08,202,25,1,9088.91,INR
10142,2025-05-26,8,7,2,16175.23,INR
10143,2024-12-05,269,16,6,55036.85,USD
10144,2025-06-16,264,18,8,13398.33,USD
10145,2025-11-06,6,23,6,53536.84,INR
10146,2023-08-28,175,9,6,22922.3,USD
10147,2024-04-19,104,23,8,72807.66,USD
10148,2023-09-05,133,13,3,12510.91,USD
10149,2024-03-30,51,37,2,5648.68,INR
10150,2023-01-03,68,40,8,8741.85,INR
10151,2025-01-27,287,34,1,6545.16,USD
10152,2023-09-16,83,10,3,27424.25,USD
10153,2025-07-03,40,30,7,59332.99,USD
10154,2025-02-26,238,40,3,3500.11,USD
10155,2024-01-02,21,37,3,8201.64,USD
10156,2024-05-12,295,35,8,16668.99,USD
10157,2025-01-03,231,3,1,1743.34,INR
10158,2024-04-01,2,7,6,45531.67,INR
10159,2023-08-17,300,31,1,6881.61,USD
10160,2023-02-17,156,13,1,4339.96,USD
10161,2024-08-27,233,19,6,13741.85,INR
10162,2024-08-05,180,20,5,11169.6,USD
10163,2025-04-22,35,31,5,32686.4,USD
10164,2023-05-23,186,30,3,25800.82,INR
10165,2023-03-13,123,12,6,10357.65,USD
10166,2025-03-17,225,32,2,4943.56,USD
10167,2025-03-07,157,19,7,16739.64,INR
10168,2025-05-24,167,24,5,23105.6,USD
10169,2023-01-17,270,33,1,8086.25,INR
10170,2024-12-18,107,12,4,7855.14,USD
10171,2025-11-15,227,2,8,76580.27,USD
10172,2025-04-16,51,27,4,29483.7,USD
10173,2024-05-28,19,12,8,15867.56,INR
10174,2024-06-04,197,11,1,2913.61,INR
10175,2024-03-23,136,20,8,18202.6,INR
10176,2023-03-02,167,36,2,2588.05,USD
10177,2025-02-27,234,35,7,13684.96,INR
10178,2024-08-12,199,30,1,8393.11,INR
10179,2024-07-27,163,11,4,10525.21,USD
10180,2025-10-18,269,38,6,29322.89,USD
10181,2025-03-11,201,33,2,15002.3,USD
10182,2025-11-16,295,2,8,74282.45,INR
10183,2023-04-03,291,10,8,69883.22,INR
10184,2025-11-08,274,5,3,10985.33,INR
10185,2024-09-08,294,13,4,15974.82,INR
10186,2024-03-16,48,28,8,19134.46,INR
10187,2024-09-03,252,23,4,33375.15,USD
10188,2023-02-10,285,6,8,55425.37,USD
10189,2025-10-17,172,27,6,48832.51,INR
10190,2024-11-20,60,24,4,17845.08,USD
10191,2023-02-13,93,36,6,8499.91,INR
10192,2025-09-27,243,13,5,20268.75,USD
10193,2024-05-10,48,36,6,8637.6,INR
10194,2023-05-11,127,27,4,34167.41,INR
10195,2024-11-22,51,11,5,15672.73,INR
10196,2023-03-17,299,13,5,23186.54,INR
10197,2024-08-26,193,30,5,40702.84,INR
10198,2025-04-13,7,28,5,12831.72,USD
10199,2023-03-23,232,26,7,,INR
10200,2025-05-16,58,17,2,3166.75,INR
10201,2024-10-11,258,16,4,35902.45,USD
10202,2023-12-21,172,23,5,45985.2,USD
10203,2023-09-01,275,32,3,8015.64,INR
10204,2023-01-13,41,11,7,21667.01,INR
10205,2023-08-03,87,36,8,9824.82,USD
10206,2023-11-08,55,8,5,41390.59,USD
10207,2025-08-20,101,20,7,17073.73,USD
10208,2024-07-16,261,13,1,4367.46,INR
10209,2023-08-05,59,37,6,19016.19,USD
10210,2025-03-24,260,8,4,28342.19,USD
10211,2024-05-12,164,6,2,12927.73,USD
10212,2025-07-03,3,28,7,15439.66,INR
10213,2025-04-01,284,7,1,8560.29,INR
10214,2025-10-18,102,40,8,9240.11,INR
10215,2025-02-13,228,31,8,60493.34,USD
10216,2023-04-29,121,36,7,8681.8,INR
10217,2024-08-29,132,13,8,36794.89,USD
10218,2024-04-10,28,30,6,50374.18,INR
10219,2025-06-02,48,24,3,12630.33,USD
10220,2023-06-18,184,17,7,12681.12,USD
10221,2024-05-25,253,20,6,13571.48,INR
10222,2025-06-23,131,1,6,45734.67,USD
10223,2024-11-10,269,6,1,6478.09,USD
10224,2023-02-11,271,5,4,14829.87,USD
10225,2025-06-15,231,31,4,29798.0,INR
10226,2024-02-06,236,11,3,8181.9,USD
10227,2025-01-12,88,30,6,50703.43,INR
10228,2024-12-16,63,29,8,33207.2,USD
10229,2024-12-03,118,6,3,21570.08,INR
10230,2024-04-01,276,14,3,4199.45,USD
10231,2024-03-20,176,11,7,22227.16,USD
10232,2023-04-21,208,5,4,14494.89,INR
10233,2024-09-03,276,33,8,64998.37,USD
10234,2023-11-15,247,15,7,46055.28,INR
10235,2024-03-09,73,37,2,5850.67,USD
10236,2023-07-03,251,34,3,21054.37,INR
10237,2025-03-26,126,35,6,11299.07,INR
10238,2025-10-07,228,30,1,7943.76,INR
10239,2024-02-21,19,21,4,19060.2,USD
10240,2024-04-09,73,18,2,3351.09,USD
10241,2024-05-25,1,15,2,13120.4,INR
10242,2023-03-20,298,26,7,49173.3,INR
10243,2025-04-07,74,18,3,5342.16,USD
10244,2025-08-22,222,35,7,14080.89,INR
10245,2024-07-05,243,8,4,32965.96,INR
10246,2023-03-09,78,15,7,47668.17,INR
10247,2024-01-06,203,20,8,17142.74,INR
10248,2023-06-22,143,12,6,10989.46,INR
10249,2025-06-24,144,10,7,63915.86,USD
10250,2025-05-26,76,23,2,16389.08,INR
10251,2024-02-22,123,7,1,8612.28,USD
10252,2024-02-17,65,32,8,21249.75,INR
10253,2025-07-13,80,16,1,9201.71,USD
10254,2023-04-08,109,31,1,7039.48,INR
10255,2025-05-09,230,3,8,15545.95,INR
10256,2025-11-19,213,32,2,5031.4,INR
10257,2024-05-04,147,19,5,12309.15,INR
10258,2025-04-05,102,35,1,2026.88,INR
10259,2025-02-19,22,28,5,11427.62,USD
10260,2025-09-08,88,33,3,23849.72,USD
10261,2023-02-07,189,27,3,24295.62,USD
10262,2025-02-11,263,5,1,3876.98,USD
10263,2024-03-02,298,40,7,7664.96,INR
10264,2025-07-29,247,16,8,71520.37,USD
10265,2025-07-31,22,36,5,6571.04,USD
10266,2023-11-10,203,21,2,10217.57,INR
10267,2024-09-26,300,26,5,33280.68,USD
10268,2024-06-24,32,8,2,15497.83,USD
10269,2024-09-02,30,36,2,2903.66,USD
10270,2025-06-30,277,32,7,18395.13,USD
10271,2024-12-28,93,18,7,11568.43,USD
10272,2025-04-08,292,17,2,3046.64,INR
10273,2025-01-12,293,32,2,5550.17,INR
10274,2023-10-01,147,7,8,63519.51,INR
10275,2024-10-01,292,12,2,3758.78,USD
10276,2024-02-20,157,6,4,28939.36,USD
10277,2024-04-05,56,22,5,29995.76,USD
10278,2023-05-03,180,15,1,6433.77,INR
10279,2023-07-20,217,40,7,8078.6,USD
10280,2024-01-12,175,36,6,7965.91,USD
10281,2023-11-17,184,24,3,14555.72,INR
10282,2024-11-27,105,31,8,57679.42,USD
10283,2023-11-17,120,21,3,14252.33,INR
10284,2023-09-29,20,18,7,13066.83,USD
10285,2024-04-16,236,32,2,4809.8,USD
10286,2024-09-14,278,15,7,48976.71,USD
10287,2025-12-29,191,13,5,19858.17,USD
10288,2024-07-12,107,6,7,48891.31,INR
10289,2024-01-22,68,34,7,46285.02,USD
10290,2023-12-19,272,32,6,15604.12,INR
10291,2024-05-04,148,1,2,16352.92,USD
10292,2025-10-11,265,34,4,30557.35,INR
10293,2024-02-11,213,10,5,39852.55,INR
10294,2023-09-27,65,36,8,11308.78,INR
10295,2024-09-28,187,8,5,41166.63,USD
10296,2025-04-26,49,7,8,60458.71,USD
10297,2025-11-03,163,11,1,3026.25,INR
10298,2023-11-04,71,38,3,12874.29,USD
10299,2025-08-31,222,38,5,24710.13,INR
10300,2025-07-25,177,27,7,58565.61,USD
10301,2024-02-17,41,1,3,23356.71,USD
10302,2024-01-02,124,25,4,36177.7,INR
10303,2023-10-20,13,12,2,3577.23,USD
10304,2023-12-14,290,30,7,55860.45,INR
10305,2025-08-26,10,23,8,75153.3,USD
10306,2023-12-07,142,36,7,9258.53,INR
10307,2024-06-24,187,29,1,4262.32,INR
10308,2025-10-20,78,13,6,25298.08,USD
10309,2025-01-20,131,31,3,22573.61,INR
10310,2023-05-24,94,10,5,45781.29,INR
10311,2023-03-22,251,16,5,44100.34,USD
10312,2023-09-02,213,10,5,41687.97,INR
10313,2025-08-06,292,9,4,15783.71,INR
10314,2023-09-06,251,17,5,8965.21,USD
10315,2023-12-09,34,35,1,1803.63,USD
10316,2024-08-14,261,18,5,9304.47,INR
10317,2024-06-25,114,5,7,27405.35,INR
10318,2023-03-24,106,31,8,54634.03,USD
10319,2023-08-05,126,3,2,3661.87,USD
10320,2025-12-24,160,23,1,9380.77,INR
10321,2024-04-05,164,10,4,32770.16,INR
10322,2023-11-01,8,37,3,8549.93,USD
10323,2025-06-25,273,20,8,19284.86,USD
10324,2024-05-25,124,17,6,10020.01,INR
10325,2025-06-25,180,38,8,38548.79,INR
10326,2023-06-24,77,19,5,10836.36,INR
10327,2024-06-02,92,30,8,68774.88,INR
10328,2025-06-06,192,18,6,10263.47,INR
10329,2025-04-20,199,23,4,36325.33,USD
10330,2025-01-11,143,20,1,2245.64,INR
10331,2024-05-16,99,21,6,33725.73,INR
10332,2025-06-21,8,18,1,1773.67,INR
10333,2024-02-13,167,28,7,17716.17,INR
10334,2024-12-23,21,20,3,6666.63,USD
10335,2024-08-20,30,26,2,14376.84,USD
10336,2023-11-27,79,30,6,47468.4,USD
10337,2023-08-09,170,14,8,12630.35,INR
10338,2024-08-05,8,7,6,51293.55,USD
10339,2023-12-13,144,4,1,1888.58,USD
10340,2024-07-20,158,24,3,13494.19,INR
10341,2025-02-12,194,9,6,25178.34,USD
10342,2025-05-28,276,15,2,11968.81,USD
10343,2025-04-23,171,32,2,5147.88,INR
10344,2024-07-12,78,19,4,9666.99,INR
10345,2023-03-04,172,26,2,13700.39,USD
10346,2023-07-17,274,6,5,30092.19,USD
10347,2025-03-13,222,32,2,5186.28,USD
10348,2024-10-13,91,24,3,13275.98,INR
10349,2025-06-14,41,2,8,77655.06,INR
10350,2024-06-21,145,19,7,16367.6,USD
10351,2024-05-02,226,37,2,6167.12,INR
10352,2023-09-26,179,19,3,6612.72,USD
10353,2023-03-10,188,16,8,76843.13,INR
10354,2023-06-07,69,2,8,76234.96,INR
10355,2025-01-17,207,38,2,8596.24,USD
10356,2024-09-26,189,9,8,31955.43,USD
10357,2023-09-27,120,24,3,14459.25,INR
10358,2024-02-02,214,18,2,3619.55,INR
10359,2024-12-05,26,22,2,12067.19,INR
10360,2024-02-23,47,5,5,17029.96,INR
10361,2024-02-17,277,33,8,62966.42,USD
10362,2023-10-23,144,7,8,66674.62,INR
10363,2024-11-28,249,26,1,6668.35,USD
10364,2025-09-01,184,11,3,9195.82,USD
10365,2023-10-10,293,27,7,53911.35,INR
10366,2023-11-15,207,4,8,16585.68,INR
10367,2024-06-05,139,7,3,26238.71,INR
10368,2023-07-28,288,37,2,6109.62,USD
10369,2024-07-28,266,25,8,61821.79,INR
10370,2025-08-27,271,33,4,28187.95,USD
10371,2024-11-21,262,15,7,47401.73,INR
10372,2023-06-30,102,31,3,21510.71,USD
10373,2023-08-11,165,4,3,5614.01,INR
10374,2023-03-25,289,29,8,33521.3,USD
10375,2025-11-19,271,6,5,,INR
10376,2024-01-14,148,26,5,32525.65,INR
10377,2023-11-13,245,20,2,4885.37,USD
10378,2025-07-29,201,26,3,19707.33,USD
10379,2023-12-02,31,11,4,12638.13,INR
10380,2023-09-12,188,5,5,18656.88,INR
10381,2023-10-08,41,31,1,,USD
10382,2024-03-09,274,19,3,7024.48,USD
10383,2023-03-15,123,5,6,22286.29,USD
10384,2024-12-02,48,17,5,8034.49,INR
10385,2024-04-08,160,1,5,41855.22,USD
10386,2025-11-28,28,36,8,9892.49,USD
10387,2025-04-25,196,40,3,2908.87,INR
10388,2024-02-25,249,17,1,1827.94,INR
10389,2025-02-15,170,13,1,4671.0,INR
10390,2025-06-02,97,26,8,58445.62,USD
10391,2023-08-03,263,21,8,38202.02,INR
10392,2023-06-24,16,31,5,35666.69,INR
10393,2023-05-30,241,9,1,4036.56,USD
10394,2023-02-19,217,16,1,8776.31,USD
10395,2023-12-18,31,9,3,11326.54,INR
10396,2025-05-19,298,38,1,4892.85,INR
10397,2025-04-21,102,17,1,1514.56,USD
10398,2024-02-18,288,26,3,20736.23,USD
10399,2024-06-18,267,32,4,9817.4,USD
