order_id,order_date,customer_id,product_id,quantity,revenue
10000,01/05/2023,91,25,6,53131.82
10001,10/12/2023,71,36,7,9509.87
10002,02/03/2024,225,29,3,13072.45
10003,08/12/2023,293,30,2,17487.2
10004,04/05/2024,248,32,2,4845.83
10005,12/02/2025,83,14,1,4500000.0
10006,12/09/2023,248,6,1,6979.97
10007,12/05/2024,258,19,3,6251.33
10008,09/03/2025,220,39,2,4175.64
10009,04/03/2023,144,34,6,43437.12
10010,12/10/2025,209,29,5,24757.23
10011,12/12/2025,281,15,3,18323.9
10012,12/11/2023,10,9,1,3839.01
10013,12/08/2025,89,33,8,67275.26
10014,04/10/2023,223,18,2,3254.35
10015,12/09/2025,278,32,7,19494.12
10016,12/12/2024,101,9,8,30127.45
10017,12/09/2023,91,19,8,17545.26
10018,09/03/2023,265,32,5,14177.15
10019,07/03/2024,135,36,5,6621.62
10020,12/03/2025,11,2,7,59430.07
10021,06/09/2023,190,16,7,58653.58
10022,12/07/2024,3,11,6,18093.21
10023,12/05/2023,167,30,8,68187.68
10024,10/04/2024,131,32,2,4890.66
10025,06/02/2023,202,26,1,6946.16
10026,12/12/2025,86,30,5,39718.83
10027,05/07/2024,209,14,5,8283.46
10028,11/07/2025,34,3,7,12608.85
10029,12/05/2023,81,22,2,11283.04
10030,03/07/2023,283,1,1,9085.07
10031,12/07/2023,3,25,7,55721.43
10032,12/09/2024,297,25,8,73269.14
10033,12/07/2025,218,22,2,10995.69
10034,12/10/2024,147,34,2,14610.73
10035,12/06/2024,181,5,6,20483.42
10036,12/10/2025,113,17,6,10465.81
10037,12/07/2023,170,40,3,3341.13
10038,12/06/2023,67,11,5,14777.66
10039,03/01/2025,149,39,6,13249.76
10040,12/07/2025,123,1,1,8343.39
10041,12/10/2023,279,2,6,48447.99
10042,12/10/2023,283,9,5,20949.9
10043,12/07/2024,90,38,8,37956.76
10044,02/05/2025,188,26,2,14225.83
10045,06/11/2023,274,22,7,39358.92
10046,12/06/2025,108,5,6,19492.77
10047,12/07/2024,51,6,4,25442.93
10048,11/02/2025,293,35,1,1835.94
10049,12/11/2024,209,33,6,47800.49
10050,10/06/2024,90,3,8,15884.23
10051,10/08/2024,283,18,2,3626.84
10052,12/12/2025,264,22,2,11719.64
10053,09/03/2024,47,29,1,4373.53
10054,12/10/2025,117,1,2,15209.45
10055,12/05/2025,232,34,6,41865.54
10056,12/07/2023,73,22,2,10297.46
10057,12/08/2025,82,22,8,42393.61
10058,12/02/2024,156,15,8,48252.78
10059,12/07/2023,18,2,6,50225.33
10060,04/10/2023,139,38,1,4856.75
10061,12/05/2023,130,33,5,39430.4
10062,07/01/2024,38,34,2,15129.4
10063,04/05/2023,210,28,6,15544.48
10064,12/08/2024,170,20,6,12785.67
10065,08/12/2025,86,37,6,19068.06
10066,12/11/2025,144,5,6,22610.95
10067,12/10/2025,286,11,5,14692.36
10068,12/09/2023,95,18,7,13461.56
10069,10/09/2023,1,32,3,7759.22
10070,12/01/2025,48,14,8,11244.68
10071,12/11/2025,81,35,7,12949.73
10072,12/06/2025,34,13,1,4201.59
10073,12/08/2023,103,15,3,19841.55
10074,12/03/2025,131,13,5,22114.4
10075,08/07/2024,112,17,8,13924.18
10076,12/04/2024,199,33,8,55923.96
10077,12/06/2024,90,14,7,10316.34
10078,12/08/2024,55,20,1,2273.61
10079,12/09/2025,7,1,7,60550.02
10080,12/05/2025,227,23,1,8477.02
10081,12/02/2023,63,10,7,55142.59
10082,12/04/2025,83,20,6,12980.69
10083,12/12/2023,79,14,8,13063.95
10084,05/01/2024,291,16,7,65011.39
10085,12/10/2024,202,5,8,27169.58
10086,12/12/2025,182,19,6,14808.12
10087,12/03/2023,114,31,5,31630.57
10088,12/07/2024,253,25,2,15905.72
10089,12/09/2023,217,18,4,6941.18
10090,12/09/2025,284,34,1,7538.55
10091,12/05/2024,133,23,6,52236.78
10092,12/07/2025,69,25,4,34775.35
10093,12/08/2025,103,12,8,15795.66
10094,12/04/2023,240,28,8,18393.54
10095,12/04/2025,48,15,6,35751.24
10096,12/05/2025,181,8,8,59439.66
10097,12/06/2025,69,31,1,7049.27
10098,12/12/2025,257,24,4,16531.99
10099,12/04/2025,271,19,1,2055.08
10100,01/07/2025,208,29,2,9459.07
10101,12/02/2025,137,24,4,19579.5
10102,12/11/2023,194,31,7,52931.17
10103,12/07/2025,95,17,7,11461.98
10104,05/02/2025,193,40,6,6337.34
10105,12/01/2025,66,23,8,73274.51
10106,01/12/2025,118,19,8,19868.55
10107,12/03/2025,263,36,4,5260.22
10108,07/01/2024,32,40,2,2324.69
10109,12/11/2023,212,11,5,15086.53
10110,12/12/2023,95,10,8,62072.48
10111,03/07/2023,209,21,5,25672.81
10112,12/03/2023,208,3,8,13357.88
10113,08/04/2025,242,28,1,2318.28
10114,07/05/2025,192,28,4,9491.57
10115,01/07/2023,73,4,1,2132.97
10116,07/03/2024,192,11,6,16822.3
10117,03/10/2025,220,39,5,10602.87
10118,05/07/2025,138,8,3,23441.98
10119,12/10/2024,22,20,5,11299.07
10120,12/11/2025,258,28,6,14493.09
10121,12/12/2023,200,10,7,57967.58
10122,12/07/2025,82,14,8,12690.45
10123,12/10/2025,97,31,2,13812.58
10124,10/10/2024,266,17,1,1817.33
10125,12/06/2023,199,33,7,49953.97
10126,12/11/2023,227,3,5,9944.69
10127,12/07/2024,68,26,3,21881.5
10128,02/11/2023,52,14,6,8401.73
10129,11/04/2023,107,37,5,15249.81
10130,06/07/2023,227,18,6,10252.68
10131,12/11/2025,202,4,6,12095.13
10132,12/02/2024,72,34,8,57048.84
10133,12/09/2024,282,22,2,11546.75
10134,12/04/2024,39,3,7,12942.61
10135,12/05/2025,103,30,8,68186.36
10136,12/04/2023,199,24,4,16834.52
10137,05/11/2023,51,37,8,21369.23
10138,02/10/2024,147,29,6,28063.55
10139,12/05/2025,38,26,8,61058.87
10140,12/05/2024,231,9,5,17715.15
10141,08/02/2025,202,25,1,9088.91
10142,12/05/2025,8,7,2,16175.23
10143,05/12/2024,269,16,6,55036.85
10144,12/06/2025,264,18,8,13398.33
10145,06/11/2025,6,23,6,53536.84
10146,12/08/2023,175,9,6,22922.3
10147,12/04/2024,104,23,8,72807.66
10148,05/09/2023,133,13,3,12510.91
10149,12/03/2024,51,37,2,5648.68
10150,03/01/2023,68,40,8,8741.85
10151,12/01/2025,287,34,1,6545.16
10152,12/09/2023,83,10,3,27424.25
10153,03/07/2025,40,30,7,59332.99
10154,12/02/2025,238,40,3,3500.11
10155,02/01/2024,21,37,3,8201.64
10156,12/05/2024,295,35,8,16668.99
10157,03/01/2025,231,3,1,1743.34
10158,01/04/2024,2,7,6,45531.67
10159,12/08/2023,300,31,1,6881.61
10160,12/02/2023,156,13,1,4339.96
10161,12/08/2024,233,19,6,13741.85
10162,05/08/2024,180,20,5,11169.6
10163,12/04/2025,35,31,5,32686.4
10164,12/05/2023,186,30,3,25800.82
10165,12/03/2023,123,12,6,10357.65
10166,12/03/2025,225,32,2,4943.56
10167,07/03/2025,157,19,7,16739.64
10168,12/05/2025,167,24,5,23105.6
10169,12/01/2023,270,33,1,8086.25
10170,12/12/2024,107,12,4,7855.14
10171,12/11/2025,227,2,8,76580.27
10172,12/04/2025,51,27,4,29483.7
10173,12/05/2024,19,12,8,15867.56
10174,04/06/2024,197,11,1,2913.61
10175,12/03/2024,136,20,8,18202.6
10176,02/03/2023,167,36,2,2588.05
10177,12/02/2025,234,35,7,13684.96
10178,12/08/2024,199,30,1,8393.11
10179,12/07/2024,163,11,4,10525.21
10180,12/10/2025,269,38,6,29322.89
10181,11/03/2025,201,33,2,15002.3
10182,12/11/2025,295,2,8,74282.45
10183,03/04/2023,291,10,8,69883.22
10184,08/11/2025,274,5,3,10985.33
10185,08/09/2024,294,13,4,15974.82
10186,12/03/2024,48,28,8,19134.46
10187,03/09/2024,252,23,4,33375.15
10188,10/02/2023,285,6,8,55425.37
10189,12/10/2025,172,27,6,48832.51
10190,12/11/2024,60,24,4,17845.08
10191,12/02/2023,93,36,6,8499.91
10192,12/09/2025,243,13,5,20268.75
10193,10/05/2024,48,36,6,8637.6
10194,11/05/2023,127,27,4,34167.41
10195,12/11/2024,51,11,5,15672.73
10196,12/03/2023,299,13,5,23186.54
10197,12/08/2024,193,30,5,40702.84
10198,12/04/2025,7,28,5,12831.72
10199,12/03/2023,232,26,7,
10200,12/05/2025,58,17,2,3166.75
10201,11/10/2024,258,16,4,35902.45
10202,12/12/2023,172,23,5,45985.2
10203,01/09/2023,275,32,3,8015.64
10204,12/01/2023,41,11,7,21667.01
10205,03/08/2023,87,36,8,9824.82
10206,08/11/2023,55,8,5,41390.59
10207,12/08/2025,101,20,7,17073.73
10208,12/07/2024,261,13,1,4367.46
10209,05/08/2023,59,37,6,19016.19
10210,12/03/2025,260,8,4,28342.19
10211,12/05/2024,164,6,2,12927.73
10212,03/07/2025,3,28,7,15439.66
10213,01/04/2025,284,7,1,8560.29
10214,12/10/2025,102,40,8,9240.11
10215,12/02/2025,228,31,8,60493.34
10216,12/04/2023,121,36,7,8681.8
10217,12/08/2024,132,13,8,36794.89
10218,10/04/2024,28,30,6,50374.18
10219,02/06/2025,48,24,3,12630.33
10220,12/06/2023,184,17,7,12681.12
10221,12/05/2024,253,20,6,13571.48
10222,12/06/2025,131,1,6,45734.67
10223,10/11/2024,269,6,1,6478.09
10224,11/02/2023,271,5,4,14829.87
10225,12/06/2025,231,31,4,29798.0
10226,06/02/2024,236,11,3,8181.9
10227,12/01/2025,88,30,6,50703.43
10228,12/12/2024,63,29,8,33207.2
10229,03/12/2024,118,6,3,21570.08
10230,01/04/2024,276,14,3,4199.45
10231,12/03/2024,176,11,7,22227.16
10232,12/04/2023,208,5,4,14494.89
10233,03/09/2024,276,33,8,64998.37
10234,12/11/2023,247,15,7,46055.28
10235,09/03/2024,73,37,2,5850.67
10236,03/07/2023,251,34,3,21054.37
10237,12/03/2025,126,35,6,11299.07
10238,07/10/2025,228,30,1,7943.76
10239,12/02/2024,19,21,4,19060.2
10240,09/04/2024,73,18,2,3351.09
10241,12/05/2024,1,15,2,13120.4
10242,12/03/2023,298,26,7,49173.3
10243,07/04/2025,74,18,3,5342.16
10244,12/08/2025,222,35,7,14080.89
10245,05/07/2024,243,8,4,32965.96
10246,09/03/2023,78,15,7,47668.17
10247,06/01/2024,203,20,8,17142.74
10248,12/06/2023,143,12,6,10989.46
10249,12/06/2025,144,10,7,63915.86
10250,12/05/2025,76,23,2,16389.08
10251,12/02/2024,123,7,1,8612.28
10252,12/02/2024,65,32,8,21249.75
10253,12/07/2025,80,16,1,9201.71
10254,08/04/2023,109,31,1,7039.48
10255,09/05/2025,230,3,8,15545.95
10256,12/11/2025,213,32,2,5031.4
10257,04/05/2024,147,19,5,12309.15
10258,05/04/2025,102,35,1,2026.88
10259,12/02/2025,22,28,5,11427.62
10260,08/09/2025,88,33,3,23849.72
10261,07/02/2023,189,27,3,24295.62
10262,11/02/2025,263,5,1,3876.98
10263,02/03/2024,298,40,7,7664.96
10264,12/07/2025,247,16,8,71520.37
10265,12/07/2025,22,36,5,6571.04
10266,10/11/2023,203,21,2,10217.57
10267,12/09/2024,300,26,5,33280.68
10268,12/06/2024,32,8,2,15497.83
10269,02/09/2024,30,36,2,2903.66
10270,12/06/2025,277,32,7,18395.13
10271,12/12/2024,93,18,7,11568.43
10272,08/04/2025,292,17,2,3046.64
10273,12/01/2025,293,32,2,5550.17
10274,01/10/2023,147,7,8,63519.51
10275,01/10/2024,292,12,2,3758.78
10276,12/02/2024,157,6,4,28939.36
10277,05/04/2024,56,22,5,29995.76
10278,03/05/2023,180,15,1,6433.77
10279,12/07/2023,217,40,7,8078.6
10280,12/01/2024,175,36,6,7965.91
10281,12/11/2023,184,24,3,14555.72
10282,12/11/2024,105,31,8,57679.42
10283,12/11/2023,120,21,3,14252.33
10284,12/09/2023,20,18,7,13066.83
10285,12/04/2024,236,32,2,4809.8
10286,12/09/2024,278,15,7,48976.71
10287,12/12/2025,191,13,5,19858.17
10288,12/07/2024,107,6,7,48891.31
10289,12/01/2024,68,34,7,46285.02
10290,12/12/2023,272,32,6,15604.12
10291,04/05/2024,148,1,2,16352.92
10292,11/10/2025,265,34,4,30557.35
10293,11/02/2024,213,10,5,39852.55
10294,12/09/2023,65,36,8,11308.78
10295,12/09/2024,187,8,5,41166.63
10296,12/04/2025,49,7,8,60458.71
10297,03/11/2025,163,11,1,3026.25
10298,04/11/2023,71,38,3,12874.29
10299,12/08/2025,222,38,5,24710.13
10300,12/07/2025,177,27,7,58565.61
10301,12/02/2024,41,1,3,23356.71
10302,02/01/2024,124,25,4,36177.7
10303,12/10/2023,13,12,2,3577.23
10304,12/12/2023,290,30,7,55860.45
10305,12/08/2025,10,23,8,75153.3
10306,07/12/2023,142,36,7,9258.53
10307,12/06/2024,187,29,1,4262.32
10308,12/10/2025,78,13,6,25298.08
10309,12/01/2025,131,31,3,22573.61
10310,12/05/2023,94,10,5,45781.29
10311,12/03/2023,251,16,5,44100.34
10312,02/09/2023,213,10,5,41687.97
10313,06/08/2025,292,9,4,15783.71
10314,06/09/2023,251,17,5,8965.21
10315,09/12/2023,34,35,1,1803.63
10316,12/08/2024,261,18,5,9304.47
10317,12/06/2024,114,5,7,27405.35
10318,12/03/2023,106,31,8,54634.03
10319,05/08/2023,126,3,2,3661.87
10320,12/12/2025,160,23,1,9380.77
10321,05/04/2024,164,10,4,32770.16
10322,01/11/2023,8,37,3,8549.93
10323,12/06/2025,273,20,8,19284.86
10324,12/05/2024,124,17,6,10020.01
10325,12/06/2025,180,38,8,38548.79
10326,12/06/2023,77,19,5,10836.36
10327,02/06/2024,92,30,8,68774.88
10328,06/06/2025,192,18,6,10263.47
10329,12/04/2025,199,23,4,36325.33
10330,11/01/2025,143,20,1,2245.64
10331,12/05/2024,99,21,6,33725.73
10332,12/06/2025,8,18,1,1773.67
10333,12/02/2024,167,28,7,17716.17
10334,12/12/2024,21,20,3,6666.63
10335,12/08/2024,30,26,2,14376.84
10336,12/11/2023,79,30,6,47468.4
10337,09/08/2023,170,14,8,12630.35
10338,05/08/2024,8,7,6,51293.55
10339,12/12/2023,144,4,1,1888.58
10340,12/07/2024,158,24,3,13494.19
10341,12/02/2025,194,9,6,25178.34
10342,12/05/2025,276,15,2,11968.81
10343,12/04/2025,171,32,2,5147.88
10344,12/07/2024,78,19,4,9666.99
10345,04/03/2023,172,26,2,13700.39
10346,12/07/2023,274,6,5,30092.19
10347,12/03/2025,222,32,2,5186.28
10348,12/10/2024,91,24,3,13275.98
10349,12/06/2025,41,2,8,77655.06
10350,12/06/2024,145,19,7,16367.6
10351,02/05/2024,226,37,2,6167.12
10352,12/09/2023,179,19,3,6612.72
10353,10/03/2023,188,16,8,76843.13
10354,07/06/2023,69,2,8,76234.96
10355,12/01/2025,207,38,2,8596.24
10356,12/09/2024,189,9,8,31955.43
10357,12/09/2023,120,24,3,14459.25
10358,02/02/2024,214,18,2,3619.55
10359,05/12/2024,26,22,2,12067.19
10360,12/02/2024,47,5,5,17029.96
10361,12/02/2024,277,33,8,62966.42
10362,12/10/2023,144,7,8,66674.62
10363,12/11/2024,249,26,1,6668.35
10364,01/09/2025,184,11,3,9195.82
10365,10/10/2023,293,27,7,53911.35
10366,12/11/2023,207,4,8,16585.68
10367,05/06/2024,139,7,3,26238.71
10368,12/07/2023,288,37,2,6109.62
10369,12/07/2024,266,25,8,61821.79
10370,12/08/2025,271,33,4,28187.95
10371,12/11/2024,262,15,7,47401.73
10372,12/06/2023,102,31,3,21510.71
10373,11/08/2023,165,4,3,5614.01
10374,12/03/2023,289,29,8,33521.3
10375,12/11/2025,271,6,5,
10376,12/01/2024,148,26,5,32525.65
10377,12/11/2023,245,20,2,4885.37
10378,12/07/2025,201,26,3,19707.33
10379,02/12/2023,31,11,4,12638.13
10380,12/09/2023,188,5,5,18656.88
10381,08/10/2023,41,31,1,
10382,09/03/2024,274,19,3,7024.48
10383,12/03/2023,123,5,6,22286.29
10384,02/12/2024,48,17,5,8034.49
10385,08/04/2024,160,1,5,41855.22
10386,12/11/2025,28,36,8,9892.49
10387,12/04/2025,196,40,3,2908.87
10388,12/02/2024,249,17,1,1827.94
10389,12/02/2025,170,13,1,4671.0
10390,02/06/2025,97,26,8,58445.62
10391,03/08/2023,263,21,8,38202.02
10392,12/06/2023,16,31,5,35666.69
10393,12/05/2023,241,9,1,4036.56
10394,12/02/2023,217,16,1,8776.31
10395,12/12/2023,31,9,3,11326.54
10396,12/05/2025,298,38,1,4892.85
10397,12/04/2025,102,17,1,1514.56
10398,12/02/2024,288,26,3,20736.23
10399,12/06/2024,267,32,4,9817.4
