order_id,amount,method
1,167,card
2,673,card
3,386,card
4,194,card
5,186,card
6,227,card
7,691,card
8,615,card
9,415,card
10,258,card
11,698,card
12,528,card
13,705,card
14,438,card
15,130,card
16,682,card
17,596,card
18,311,card
19,743,card
20,539,card
21,832,card
22,503,card
23,170,card
24,422,card
25,173,card
26,599,card
27,454,card
28,834,card
29,700,card
30,702,card
31,189,card
32,297,card
33,897,card
34,458,card
35,669,card
36,754,card
37,111,card
38,309,card
39,695,card
40,173,card
41,443,card
42,421,card
43,295,card
44,675,card
45,630,card
46,214,card
47,672,card
48,700,card
49,596,card
50,356,card
51,302,card
52,534,card
53,245,card
54,365,card
55,147,card
56,100,card
57,234,card
58,738,card
59,388,card
60,187,card
61,370,card
62,604,card
63,155,card
64,296,card
65,775,card
66,269,card
67,249,card
68,385,card
69,164,card
70,270,card
71,267,card
72,286,card
73,453,card
74,706,card
75,599,card
76,795,card
77,165,card
78,291,card
79,220,card
80,207,card
81,121,card
82,101,card
83,418,card
84,759,card
85,899,card
86,230,card
87,724,card
88,384,card
89,782,card
90,872,card
91,831,card
92,681,card
93,276,card
94,205,card
95,617,card
96,798,card
97,433,card
98,839,card
99,390,card
100,528,card
