order_id,amount
1,167
2,673
3,386
4,139
5,186
6,227
7,691
8,615
9,415
10,258
11,698
12,528
13,705
14,438
15,130
16,682
17,596
18,256
19,743
20,539
21,832
22,503
23,170
24,422
25,173
26,599
27,454
28,834
29,700
30,702
31,189
32,297
33,897
34,458
35,669
36,754
37,111
38,309
39,695
40,173
41,443
42,421
43,240
44,675
45,630
46,214
47,672
48,700
49,596
50,356
51,302
52,534
53,245
54,365
55,147
56,100
57,234
58,738
59,388
60,187
61,370
62,604
63,155
64,296
65,775
66,269
67,249
68,385
69,164
70,270
71,267
72,286
73,453
74,706
75,599
76,795
77,165
78,291
79,220
80,207
81,121
82,101
83,418
84,759
85,899
86,230
87,724
88,384
89,782
90,872
91,831
92,681
93,276
94,205
95,617
96,798
97,433
98,839
99,390
100,528
